{
	"chassis": {
		"audi-a4l": {
			"body": {
				"set": true,
				"isAll": true
			},
			"chassis": {
				
			},
			"fbumper": {
				
			},
			"fbumperrieger": {
				
			},
			"glass": {
				"reflectivity": 1
			},
			"hood": {
				"set": true,
				"isAll": true
			},
			"interior": {
				
			},
			"lens": {
				"reflectivity": 1
			},
			"rbumper": {
				
			},
			"reflector": {
				
			},
			"rieger": {
				
			},
			"roof": {
				
			},
			"trunk": {
				
			}
		}
	},
	"wheels": {
		"19": {
			"rim": {
				"set": true
			},
			"tyre": {
				
			}
		}
	},
	"caliper": {
		"set": true
	}
}